{
  "project_info": {
    "project_number": "355215775617",
    "firebase_url": "https://fir-prueba-5554b-default-rtdb.firebaseio.com",
    "project_id": "fir-prueba-5554b",
    "storage_bucket": "fir-prueba-5554b.appspot.com"
  },
  "client": [
    {
      "client_info": {
        "mobilesdk_app_id": "1:355215775617:android:d1aafe250fc5e9351a7a80",
        "android_client_info": {
          "package_name": "com.josue_martinez.myfirebaseapp"
        }
      },
      "oauth_client": [
        {
          "client_id": "355215775617-8dqm3rs6c9qhmbrflolc1inbea3jtngh.apps.googleusercontent.com",
          "client_type": 3
        }
      ],
      "api_key": [
        {
          "current_key": "AIzaSyAG4sCXhPwgm2xuCpworttxGEbdvyMyK-0"
        }
      ],
      "services": {
        "appinvite_service": {
          "other_platform_oauth_client": [
            {
              "client_id": "355215775617-8dqm3rs6c9qhmbrflolc1inbea3jtngh.apps.googleusercontent.com",
              "client_type": 3
            }
          ]
        }
      }
    }
  ],
  "configuration_version": "1"
}